{
  "best_params": {
    "clf__C": 0.1,
    "clf__gamma": 0.01,
    "clf__kernel": "linear"
  },
  "cv_best_score_f1_macro": 0.7416026169547885,
  "test_accuracy": 0.7137338379060233,
  "test_f1_macro": 0.46290954811034685
}