{
  "best_params": {
    "clf__C": 100,
    "clf__gamma": "scale",
    "clf__kernel": "rbf"
  },
  "cv_best_score_f1_macro": 0.7443904514324764,
  "test_accuracy": 0.6975520340586566,
  "test_f1_macro": 0.6246564417133992
}